Request Time,Visitor Id,Session ID,Name,User ID,Geography,Article_Id,Article Read ,Time Spent
23/Mar/2016:09:15:53 -0700,1053437071,2062025508,AA1,1,A,4283,0.727402491,27.34309049
23/Mar/2016:09:15:53 -0700,1053437071,2062025508,AA1,1,A,485,0.308874915,11.9865271
23/Mar/2016:09:15:53 -0700,1053437071,2062025508,AA1,1,A,1391,0.612200311,14.43228569
23/Mar/2016:09:15:53 -0700,1053437071,2062025508,AA1,1,A,2443,0.473809423,14.7024329
23/Mar/2016:09:15:53 -0700,1053437071,2062025508,AA1,1,A,3191,0.216057708,16.96236125
23/Mar/2016:09:15:53 -0700,1053437071,2062025508,AA1,1,A,2977,0.932708913,20.08614131
23/Mar/2016:09:15:53 -0700,1053437071,2062025508,AA1,1,A,839,0.718647584,16.61153276
23/Mar/2016:09:15:53 -0700,1053437071,2062025508,AA1,1,A,3647,0.776313654,25.01034571
23/Mar/2016:09:15:53 -0700,1053437071,2062025508,AA1,1,A,2048,0.916953782,18.42607701
23/Mar/2016:09:15:53 -0700,1053437071,2062025508,AA1,1,A,4780,0.225177565,11.05468157
23/Mar/2016:09:15:53 -0700,1053437071,2062025508,AA1,1,A,707,0.926967773,23.37742983
23/Mar/2016:09:15:53 -0700,1053437071,2062025508,AA1,1,A,261,0.116193248,17.8101149
23/Mar/2016:09:42:40 -0700,1699081815,1090296248,AA2,2,B,1257,0.418067334,23.85192686
23/Mar/2016:09:42:40 -0700,1699081815,1090296248,AA2,2,B,2579,0.955988966,11.06129814
23/Mar/2016:09:42:40 -0700,1699081815,1090296248,AA2,2,B,712,0.144102397,14.73795776
23/Mar/2016:09:42:40 -0700,1699081815,1090296248,AA2,2,B,37,0.858022066,15.76790594
23/Mar/2016:09:42:40 -0700,1699081815,1090296248,AA2,2,B,3289,0.831773738,13.71388946
23/Mar/2016:09:42:40 -0700,1699081815,1090296248,AA2,2,B,2254,0.945655832,13.61368589
23/Mar/2016:09:42:40 -0700,1699081815,1090296248,AA2,2,B,4278,0.218407973,9.892429196
23/Mar/2016:09:42:40 -0700,1699081815,1090296248,AA2,2,B,2557,0.580651313,20.92856078
23/Mar/2016:09:42:40 -0700,1699081815,1090296248,AA2,2,B,4155,0.350856272,18.05634013
23/Mar/2016:09:42:40 -0700,1699081815,1090296248,AA2,2,B,4821,0.393573447,22.45565923
23/Mar/2016:09:42:40 -0700,1699081815,1090296248,AA2,2,B,4400,0.431913512,20.92034804
23/Mar/2016:09:42:40 -0700,1699081815,1090296248,AA2,2,B,2568,0.198616809,18.70636054
23/Mar/2016:09:42:45 -0700,1563366276,1863744493,AA3,3,C,3807,0.973668049,14.13852345
23/Mar/2016:09:42:45 -0700,1563366276,1863744493,AA3,3,C,4019,0.618466533,19.86798536
23/Mar/2016:09:42:45 -0700,1563366276,1863744493,AA3,3,C,1865,0.336713214,13.25805527
23/Mar/2016:09:42:45 -0700,1563366276,1863744493,AA3,3,C,1250,0.92308758,10.69894181
23/Mar/2016:09:42:45 -0700,1563366276,1863744493,AA3,3,C,1973,0.009285854,17.89239234
23/Mar/2016:09:42:45 -0700,1563366276,1863744493,AA3,3,C,1130,0.722069401,21.1429787
23/Mar/2016:09:42:45 -0700,1563366276,1863744493,AA3,3,C,1647,0.345670005,15.37885139
23/Mar/2016:09:42:45 -0700,1563366276,1863744493,AA3,3,C,133,0.431232184,9.279884514
23/Mar/2016:09:42:45 -0700,1563366276,1863744493,AA3,3,C,3968,0.302317272,21.91130618
23/Mar/2016:09:42:45 -0700,1563366276,1863744493,AA3,3,C,1021,0.448829563,16.34731318
23/Mar/2016:09:42:45 -0700,1563366276,1863744493,AA3,3,C,3599,0.934576013,26.28510713
23/Mar/2016:09:42:45 -0700,1563366276,1863744493,AA3,3,C,2109,0.553773877,26.49882929
23/Mar/2016:09:43:24 -0700,1563366276,1863744493,AA4,4,D,1820,0.449720109,26.56442205
23/Mar/2016:09:43:24 -0700,1563366276,1863744493,AA4,4,D,731,0.931378369,11.97287104
23/Mar/2016:09:43:24 -0700,1563366276,1863744493,AA4,4,D,3549,0.612882287,16.96090833
23/Mar/2016:09:43:24 -0700,1563366276,1863744493,AA4,4,D,798,0.570546687,19.55547844
23/Mar/2016:09:43:24 -0700,1563366276,1863744493,AA4,4,D,2395,0.508913632,24.02974217
23/Mar/2016:09:43:24 -0700,1563366276,1863744493,AA4,4,D,977,0.629134553,22.22201231
23/Mar/2016:09:43:24 -0700,1563366276,1863744493,AA4,4,D,3973,0.533269288,17.33976517
23/Mar/2016:09:43:24 -0700,1563366276,1863744493,AA4,4,D,2240,0.295485056,13.71659066
23/Mar/2016:09:43:24 -0700,1563366276,1863744493,AA4,4,D,1587,0.77610463,19.33179049
23/Mar/2016:09:43:24 -0700,1563366276,1863744493,AA4,4,D,2272,0.971868933,28.04702574
23/Mar/2016:09:43:24 -0700,1563366276,1863744493,AA4,4,D,3322,0.188745136,13.65817382
23/Mar/2016:09:43:24 -0700,1563366276,1863744493,AA4,4,D,1557,0.772817234,15.88615162
23/Mar/2016:09:44:08 -0700,1030404366,1070267801,AA5,5,E,897,0.587920686,24.49432116
23/Mar/2016:09:44:08 -0700,1030404366,1070267801,AA5,5,E,403,0.578157096,22.63989329
23/Mar/2016:09:44:08 -0700,1030404366,1070267801,AA5,5,E,3288,0.718403005,29.14068403
23/Mar/2016:09:44:08 -0700,1030404366,1070267801,AA5,5,E,1578,0.210339267,27.1345388
23/Mar/2016:09:44:08 -0700,1030404366,1070267801,AA5,5,E,710,0.464197155,13.10156306
23/Mar/2016:09:44:08 -0700,1030404366,1070267801,AA5,5,E,2235,0.643855325,17.93111635
23/Mar/2016:09:44:08 -0700,1030404366,1070267801,AA5,5,E,937,0.890737779,26.90687409
23/Mar/2016:09:44:08 -0700,1030404366,1070267801,AA5,5,E,3792,0.868745457,12.97067768
23/Mar/2016:09:44:08 -0700,1030404366,1070267801,AA5,5,E,2788,0.125555937,16.26099759
23/Mar/2016:09:44:08 -0700,1030404366,1070267801,AA5,5,E,306,0.587109399,21.54680799
23/Mar/2016:09:44:08 -0700,1030404366,1070267801,AA5,5,E,4257,0.308909486,24.49501692
23/Mar/2016:09:44:08 -0700,1030404366,1070267801,AA5,5,E,4376,0.182747403,14.60817741
23/Mar/2016:09:45:08 -0700,498997217.1,124035473.1,AA6,6,A,1422,0.821582078,20.9842355
23/Mar/2016:09:45:08 -0700,498997217.1,124035473.1,AA6,6,A,1821,0.971602561,14.44392267
23/Mar/2016:09:45:08 -0700,498997217.1,124035473.1,AA6,6,A,4072,0.078233971,19.30329147
23/Mar/2016:09:45:08 -0700,498997217.1,124035473.1,AA6,6,A,2334,0.471258485,20.16648835
23/Mar/2016:09:45:08 -0700,498997217.1,124035473.1,AA6,6,A,4255,0.524685881,19.29134753
23/Mar/2016:09:45:08 -0700,498997217.1,124035473.1,AA6,6,A,1069,0.150305979,0.905566528
23/Mar/2016:09:45:08 -0700,498997217.1,124035473.1,AA6,6,A,2192,0.324802032,13.62329015
23/Mar/2016:09:45:08 -0700,498997217.1,124035473.1,AA6,6,A,3997,0.901325465,20.15479679
23/Mar/2016:09:45:08 -0700,498997217.1,124035473.1,AA6,6,A,3028,0.138271544,20.21423682
23/Mar/2016:09:45:08 -0700,498997217.1,124035473.1,AA6,6,A,1844,0.971906395,19.30191359
23/Mar/2016:09:45:08 -0700,498997217.1,124035473.1,AA6,6,A,3486,0.951869773,26.49682386
23/Mar/2016:09:45:08 -0700,498997217.1,124035473.1,AA6,6,A,4826,0.878948824,19.68514964
23/Mar/2016:09:46:41 -0700,1300979981,620411858.1,AA7,7,B,3599,0.686249272,22.24377197
23/Mar/2016:09:46:41 -0700,1300979981,620411858.1,AA7,7,B,2086,0.504622826,10.50832991
23/Mar/2016:09:46:41 -0700,1300979981,620411858.1,AA7,7,B,1200,0.241961328,16.1129364
23/Mar/2016:09:46:41 -0700,1300979981,620411858.1,AA7,7,B,1647,0.522025535,15.72111244
23/Mar/2016:09:46:41 -0700,1300979981,620411858.1,AA7,7,B,857,0.93628187,19.58498699
23/Mar/2016:09:46:41 -0700,1300979981,620411858.1,AA7,7,B,4245,0.596833613,8.906873452
23/Mar/2016:09:46:41 -0700,1300979981,620411858.1,AA7,7,B,933,0.024231206,28.38909579
23/Mar/2016:09:46:41 -0700,1300979981,620411858.1,AA7,7,B,3349,0.964346612,7.839244907
23/Mar/2016:09:46:41 -0700,1300979981,620411858.1,AA7,7,B,1910,0.333202069,25.35453034
23/Mar/2016:09:46:41 -0700,1300979981,620411858.1,AA7,7,B,796,0.834795636,16.55628096
23/Mar/2016:09:46:41 -0700,1300979981,620411858.1,AA7,7,B,2842,0.527859459,23.69072802
23/Mar/2016:09:46:41 -0700,1300979981,620411858.1,AA7,7,B,578,0.787763631,27.96631718
23/Mar/2016:09:47:08 -0700,1847871103,912542229.1,AA8,8,C,4746,0.475230779,8.528296283
23/Mar/2016:09:47:08 -0700,1847871103,912542229.1,AA8,8,C,613,0.726603971,20.8841547
23/Mar/2016:09:47:08 -0700,1847871103,912542229.1,AA8,8,C,81,0.617603664,27.49292519
23/Mar/2016:09:47:08 -0700,1847871103,912542229.1,AA8,8,C,2019,0.511356335,10.78767212
23/Mar/2016:09:47:08 -0700,1847871103,912542229.1,AA8,8,C,4501,0.105724073,16.20484539
23/Mar/2016:09:47:08 -0700,1847871103,912542229.1,AA8,8,C,4595,0.097038013,14.41447551
23/Mar/2016:09:47:08 -0700,1847871103,912542229.1,AA8,8,C,3582,0.892242969,24.73685611
23/Mar/2016:09:47:08 -0700,1847871103,912542229.1,AA8,8,C,4435,0.698187357,13.12014404
23/Mar/2016:09:47:08 -0700,1847871103,912542229.1,AA8,8,C,2501,0.641549048,26.70990482
23/Mar/2016:09:47:08 -0700,1847871103,912542229.1,AA8,8,C,2450,0.10940234,16.77658559
23/Mar/2016:09:47:08 -0700,1847871103,912542229.1,AA8,8,C,2291,0.341507455,25.74081548
23/Mar/2016:09:47:08 -0700,1847871103,912542229.1,AA8,8,C,3040,0.802566425,19.9450514
23/Mar/2016:09:47:29 -0700,1649559770,545800347.1,AA9,9,D,2444,0.289300773,21.58100954
23/Mar/2016:09:47:29 -0700,1649559770,545800347.1,AA9,9,D,4408,0.012815936,21.14591864
23/Mar/2016:09:47:29 -0700,1649559770,545800347.1,AA9,9,D,98,0.114123578,25.45759883
23/Mar/2016:09:47:29 -0700,1649559770,545800347.1,AA9,9,D,3444,0.988882347,15.89980086
23/Mar/2016:09:47:29 -0700,1649559770,545800347.1,AA9,9,D,1261,0.515838286,20.66786776
23/Mar/2016:09:47:29 -0700,1649559770,545800347.1,AA9,9,D,3224,0.133107112,18.21078597
23/Mar/2016:09:47:29 -0700,1649559770,545800347.1,AA9,9,D,1512,0.814966152,12.60025868
23/Mar/2016:09:47:29 -0700,1649559770,545800347.1,AA9,9,D,4783,0.917470885,18.53756969
23/Mar/2016:09:47:29 -0700,1649559770,545800347.1,AA9,9,D,4779,0.106973836,20.9300137
23/Mar/2016:09:47:29 -0700,1649559770,545800347.1,AA9,9,D,3562,0.03354673,12.28157173
23/Mar/2016:09:47:29 -0700,1649559770,545800347.1,AA9,9,D,308,0.402897788,8.563875715
23/Mar/2016:09:47:29 -0700,1649559770,545800347.1,AA9,9,D,3162,0.439607193,18.65441702
23/Mar/2016:09:48:11 -0700,136400238.1,716641542.1,AA10,10,E,2926,0.857029588,25.26912879
23/Mar/2016:09:48:11 -0700,136400238.1,716641542.1,AA10,10,E,3641,0.111479062,21.25194754
23/Mar/2016:09:48:11 -0700,136400238.1,716641542.1,AA10,10,E,3036,0.161773036,11.35151336
23/Mar/2016:09:48:11 -0700,136400238.1,716641542.1,AA10,10,E,327,0.201945906,28.18383193
23/Mar/2016:09:48:11 -0700,136400238.1,716641542.1,AA10,10,E,1631,0.842777097,13.60749223
23/Mar/2016:09:48:11 -0700,136400238.1,716641542.1,AA10,10,E,4234,0.147193996,20.62687229
23/Mar/2016:09:48:11 -0700,136400238.1,716641542.1,AA10,10,E,397,0.320626859,9.598407749
23/Mar/2016:09:48:11 -0700,136400238.1,716641542.1,AA10,10,E,3024,0.831232982,17.62131745
23/Mar/2016:09:48:11 -0700,136400238.1,716641542.1,AA10,10,E,1891,0.3758708,12.82829174
23/Mar/2016:09:48:11 -0700,136400238.1,716641542.1,AA10,10,E,4125,0.694725612,15.95056431
23/Mar/2016:09:48:11 -0700,136400238.1,716641542.1,AA10,10,E,3697,0.374719316,26.80092705
23/Mar/2016:09:48:11 -0700,136400238.1,716641542.1,AA10,10,E,4241,0.539699899,24.48456683
23/Mar/2016:09:48:13 -0700,251048682.1,1913224786,AA11,11,A,1738,0.646733695,23.71568683
23/Mar/2016:09:48:13 -0700,251048682.1,1913224786,AA11,11,A,318,0.250705108,22.60189915
23/Mar/2016:09:48:13 -0700,251048682.1,1913224786,AA11,11,A,1237,0.613551476,30.05630872
23/Mar/2016:09:48:13 -0700,251048682.1,1913224786,AA11,11,A,4002,0.855570874,24.65618848
23/Mar/2016:09:48:13 -0700,251048682.1,1913224786,AA11,11,A,802,0.571677266,21.17334673
23/Mar/2016:09:48:13 -0700,251048682.1,1913224786,AA11,11,A,228,0.475865415,10.55307705
23/Mar/2016:09:48:13 -0700,251048682.1,1913224786,AA11,11,A,3112,0.102689867,18.0214701
23/Mar/2016:09:48:13 -0700,251048682.1,1913224786,AA11,11,A,4440,0.952637988,27.26059477
23/Mar/2016:09:48:13 -0700,251048682.1,1913224786,AA11,11,A,4200,0.339771791,21.44271632
23/Mar/2016:09:48:13 -0700,251048682.1,1913224786,AA11,11,A,4525,0.076294606,26.78705271
23/Mar/2016:09:48:13 -0700,251048682.1,1913224786,AA11,11,A,762,0.941458316,13.60199433
23/Mar/2016:09:48:13 -0700,251048682.1,1913224786,AA11,11,A,142,0.894525086,18.99196461
23/Mar/2016:09:48:18 -0700,670728728.1,1379011201,AA12,12,B,2482,0.164911841,29.23970071
23/Mar/2016:09:48:18 -0700,670728728.1,1379011201,AA12,12,B,3273,0.765382937,14.72139586
23/Mar/2016:09:48:18 -0700,670728728.1,1379011201,AA12,12,B,3162,0.022728977,16.86239641
23/Mar/2016:09:48:18 -0700,670728728.1,1379011201,AA12,12,B,127,0.216733259,24.41108875
23/Mar/2016:09:48:18 -0700,670728728.1,1379011201,AA12,12,B,4011,0.307563956,15.6177711
23/Mar/2016:09:48:18 -0700,670728728.1,1379011201,AA12,12,B,2113,0.876202732,28.11485586
23/Mar/2016:09:48:18 -0700,670728728.1,1379011201,AA12,12,B,87,0.834011783,20.53326482
23/Mar/2016:09:48:18 -0700,670728728.1,1379011201,AA12,12,B,139,0.635529622,26.54919711
23/Mar/2016:09:48:18 -0700,670728728.1,1379011201,AA12,12,B,2426,0.551734273,15.02208845
23/Mar/2016:09:48:18 -0700,670728728.1,1379011201,AA12,12,B,3203,0.363229346,20.63592404
23/Mar/2016:09:48:18 -0700,670728728.1,1379011201,AA12,12,B,1726,0.010238915,15.79917437
23/Mar/2016:09:48:18 -0700,670728728.1,1379011201,AA12,12,B,3091,0.141905316,17.14138391
23/Mar/2016:09:48:21 -0700,811689276.1,1653925526,AA13,13,C,891,0.901582418,31.17978934
23/Mar/2016:09:48:21 -0700,811689276.1,1653925526,AA13,13,C,3596,0.431832081,15.12783085
23/Mar/2016:09:48:21 -0700,811689276.1,1653925526,AA13,13,C,1878,0.616551442,24.53845439
23/Mar/2016:09:48:21 -0700,811689276.1,1653925526,AA13,13,C,2732,0.908364668,18.57254886
23/Mar/2016:09:48:21 -0700,811689276.1,1653925526,AA13,13,C,1080,0.181816735,16.83939529
23/Mar/2016:09:48:21 -0700,811689276.1,1653925526,AA13,13,C,263,0.758085547,12.48559413
23/Mar/2016:09:48:21 -0700,811689276.1,1653925526,AA13,13,C,2952,0.100156498,11.77306415
23/Mar/2016:09:48:21 -0700,811689276.1,1653925526,AA13,13,C,2622,0.114671404,24.51389803
23/Mar/2016:09:48:21 -0700,811689276.1,1653925526,AA13,13,C,1606,0.773027861,20.22126949
23/Mar/2016:09:48:21 -0700,811689276.1,1653925526,AA13,13,C,4733,0.287160809,24.61835805
23/Mar/2016:09:48:21 -0700,811689276.1,1653925526,AA13,13,C,2662,0.661618518,19.43113459
23/Mar/2016:09:48:21 -0700,811689276.1,1653925526,AA13,13,C,2252,0.821464042,20.18614025
23/Mar/2016:09:48:36 -0700,670728728.1,1379011201,AA14,14,D,4333,0.849207804,8.119405654
23/Mar/2016:09:48:36 -0700,670728728.1,1379011201,AA14,14,D,3866,0.140985302,11.22995939
23/Mar/2016:09:48:36 -0700,670728728.1,1379011201,AA14,14,D,1439,0.994205657,16.90538368
23/Mar/2016:09:48:36 -0700,670728728.1,1379011201,AA14,14,D,103,0.876706183,18.23300948
23/Mar/2016:09:48:36 -0700,670728728.1,1379011201,AA14,14,D,4732,0.376671605,15.95422048
23/Mar/2016:09:48:36 -0700,670728728.1,1379011201,AA14,14,D,2917,0.797233634,20.60450554
23/Mar/2016:09:48:36 -0700,670728728.1,1379011201,AA14,14,D,4359,0.533706215,29.97701897
23/Mar/2016:09:48:36 -0700,670728728.1,1379011201,AA14,14,D,3352,0.649678761,37.42359779
23/Mar/2016:09:48:36 -0700,670728728.1,1379011201,AA14,14,D,3865,0.513411309,17.05741481
23/Mar/2016:09:48:36 -0700,670728728.1,1379011201,AA14,14,D,4412,0.890848998,26.08486368
23/Mar/2016:09:48:36 -0700,670728728.1,1379011201,AA14,14,D,4213,0.290014742,24.63332378
23/Mar/2016:09:48:36 -0700,670728728.1,1379011201,AA14,14,D,2190,0.561655137,0.771106832
23/Mar/2016:09:48:46 -0700,864352099.1,1865929117,AA15,15,E,1559,0.058752107,22.03899242
23/Mar/2016:09:48:46 -0700,864352099.1,1865929117,AA15,15,E,4319,0.504339677,22.49419906
23/Mar/2016:09:48:46 -0700,864352099.1,1865929117,AA15,15,E,3590,0.440063785,19.88236447
23/Mar/2016:09:48:46 -0700,864352099.1,1865929117,AA15,15,E,1366,0.199351127,11.5629163
23/Mar/2016:09:48:46 -0700,864352099.1,1865929117,AA15,15,E,2,0.66945194,16.15152398
23/Mar/2016:09:48:46 -0700,864352099.1,1865929117,AA15,15,E,3573,0.532252742,18.38686869
23/Mar/2016:09:48:46 -0700,864352099.1,1865929117,AA15,15,E,3182,0.096660377,13.7220067
23/Mar/2016:09:48:46 -0700,864352099.1,1865929117,AA15,15,E,2715,0.494995106,20.85235422
23/Mar/2016:09:48:46 -0700,864352099.1,1865929117,AA15,15,E,1386,0.468482293,21.98899977
23/Mar/2016:09:48:46 -0700,864352099.1,1865929117,AA15,15,E,2191,0.261125304,13.78188329
23/Mar/2016:09:48:46 -0700,864352099.1,1865929117,AA15,15,E,1027,0.495169648,21.22537892
23/Mar/2016:09:48:46 -0700,864352099.1,1865929117,AA15,15,E,666,0.644570241,21.39642077
23/Mar/2016:09:48:48 -0700,1356094104,2110692224,AA16,16,A,2131,0.252310215,15.9735245
23/Mar/2016:09:48:48 -0700,1356094104,2110692224,AA16,16,A,373,0.385204802,18.11438863
23/Mar/2016:09:48:48 -0700,1356094104,2110692224,AA16,16,A,1782,0.620040809,25.1849687
23/Mar/2016:09:48:48 -0700,1356094104,2110692224,AA16,16,A,2798,0.11311954,18.34994548
23/Mar/2016:09:48:48 -0700,1356094104,2110692224,AA16,16,A,1897,0.677885133,25.43144631
23/Mar/2016:09:48:48 -0700,1356094104,2110692224,AA16,16,A,2088,0.826665468,16.32806373
23/Mar/2016:09:48:48 -0700,1356094104,2110692224,AA16,16,A,221,0.892435383,16.58766535
23/Mar/2016:09:48:48 -0700,1356094104,2110692224,AA16,16,A,1221,0.717817697,13.49310053
23/Mar/2016:09:48:48 -0700,1356094104,2110692224,AA16,16,A,1748,0.35433037,8.840107446
23/Mar/2016:09:48:48 -0700,1356094104,2110692224,AA16,16,A,4223,0.39460279,23.3798309
23/Mar/2016:09:48:48 -0700,1356094104,2110692224,AA16,16,A,3965,0.062608086,24.75429112
23/Mar/2016:09:48:48 -0700,1356094104,2110692224,AA16,16,A,3840,0.063673174,26.10887434
23/Mar/2016:09:48:54 -0700,1114210797,1394054644,AA17,17,B,934,0.31896635,22.19765377
23/Mar/2016:09:48:54 -0700,1114210797,1394054644,AA17,17,B,4319,0.545976351,22.46866727
23/Mar/2016:09:48:54 -0700,1114210797,1394054644,AA17,17,B,1313,0.312842405,19.64313099
23/Mar/2016:09:48:54 -0700,1114210797,1394054644,AA17,17,B,449,0.050678645,8.466687111
23/Mar/2016:09:48:54 -0700,1114210797,1394054644,AA17,17,B,257,0.03417844,17.40215196
23/Mar/2016:09:48:54 -0700,1114210797,1394054644,AA17,17,B,4163,0.244799065,7.157069311
23/Mar/2016:09:48:54 -0700,1114210797,1394054644,AA17,17,B,2140,0.759184422,25.18339982
23/Mar/2016:09:48:54 -0700,1114210797,1394054644,AA17,17,B,4057,0.419105728,16.59313596
23/Mar/2016:09:48:54 -0700,1114210797,1394054644,AA17,17,B,2614,0.388619503,12.41395778
23/Mar/2016:09:48:54 -0700,1114210797,1394054644,AA17,17,B,2441,0.436380392,25.73391241
23/Mar/2016:09:48:54 -0700,1114210797,1394054644,AA17,17,B,2304,0.198381533,4.769100022
23/Mar/2016:09:48:54 -0700,1114210797,1394054644,AA17,17,B,117,0.357186024,10.46311893
23/Mar/2016:09:48:59 -0700,1114210797,1394054644,AA18,18,C,847,0.917807698,17.45060302
23/Mar/2016:09:48:59 -0700,1114210797,1394054644,AA18,18,C,1647,0.281217107,17.28724185
23/Mar/2016:09:48:59 -0700,1114210797,1394054644,AA18,18,C,2804,0.036765497,18.57622549
23/Mar/2016:09:48:59 -0700,1114210797,1394054644,AA18,18,C,981,0.312003776,24.91184744
23/Mar/2016:09:48:59 -0700,1114210797,1394054644,AA18,18,C,1795,0.24435222,9.360811353
23/Mar/2016:09:48:59 -0700,1114210797,1394054644,AA18,18,C,2749,0.444782304,18.31577122
23/Mar/2016:09:48:59 -0700,1114210797,1394054644,AA18,18,C,1790,0.029832954,20.97986992
23/Mar/2016:09:48:59 -0700,1114210797,1394054644,AA18,18,C,3237,0.541317163,26.74567525
23/Mar/2016:09:48:59 -0700,1114210797,1394054644,AA18,18,C,3477,0.697937077,17.78342351
23/Mar/2016:09:48:59 -0700,1114210797,1394054644,AA18,18,C,3045,0.409903107,13.69084742
23/Mar/2016:09:48:59 -0700,1114210797,1394054644,AA18,18,C,4471,0.343655854,17.97306679
23/Mar/2016:09:48:59 -0700,1114210797,1394054644,AA18,18,C,1329,0.887400801,0.524888426
23/Mar/2016:09:49:33 -0700,251048682.1,1913224786,AA19,19,A,3562,0.794284097,8.853586158
23/Mar/2016:09:49:33 -0700,251048682.1,1913224786,AA19,19,A,2543,0.249953544,13.88166395
23/Mar/2016:09:49:33 -0700,251048682.1,1913224786,AA19,19,A,1762,0.856598282,23.50176685
23/Mar/2016:09:49:33 -0700,251048682.1,1913224786,AA19,19,A,3013,0.054465103,24.01474915
23/Mar/2016:09:49:33 -0700,251048682.1,1913224786,AA19,19,A,1799,0.923702976,17.7524825
23/Mar/2016:09:49:33 -0700,251048682.1,1913224786,AA19,19,A,1480,0.081839591,11.39167664
23/Mar/2016:09:49:33 -0700,251048682.1,1913224786,AA19,19,A,3151,0.993267438,8.925699992
23/Mar/2016:09:49:33 -0700,251048682.1,1913224786,AA19,19,A,3318,0.85213896,24.94925496
23/Mar/2016:09:49:33 -0700,251048682.1,1913224786,AA19,19,A,1838,0.766912719,14.43902504
23/Mar/2016:09:49:33 -0700,251048682.1,1913224786,AA19,19,A,4191,0.298327771,16.99248371
23/Mar/2016:09:49:33 -0700,251048682.1,1913224786,AA19,19,A,3403,0.332874179,23.66645815
23/Mar/2016:09:49:33 -0700,251048682.1,1913224786,AA19,19,A,683,0.741556103,15.25471901
23/Mar/2016:09:50:26 -0700,1957011998,245869464.1,AA20,20,B,4031,0.521279635,16.48379196
23/Mar/2016:09:50:26 -0700,1957011998,245869464.1,AA20,20,B,628,0.624598062,30.2874659
23/Mar/2016:09:50:26 -0700,1957011998,245869464.1,AA20,20,B,1881,0.537306756,23.42429155
23/Mar/2016:09:50:26 -0700,1957011998,245869464.1,AA20,20,B,1123,0.192190278,10.23736416
23/Mar/2016:09:50:26 -0700,1957011998,245869464.1,AA20,20,B,3181,0.264925661,13.58545972
23/Mar/2016:09:50:26 -0700,1957011998,245869464.1,AA20,20,B,1564,0.419033649,27.62495654
23/Mar/2016:09:50:26 -0700,1957011998,245869464.1,AA20,20,B,1250,0.346685764,20.18427124
23/Mar/2016:09:50:26 -0700,1957011998,245869464.1,AA20,20,B,2889,0.356782278,13.43055003
23/Mar/2016:09:50:26 -0700,1957011998,245869464.1,AA20,20,B,4128,0.122661833,21.01576995
23/Mar/2016:09:50:26 -0700,1957011998,245869464.1,AA20,20,B,2032,0.143185749,14.65663529
23/Mar/2016:09:50:26 -0700,1957011998,245869464.1,AA20,20,B,2606,0.036782789,25.6927123
23/Mar/2016:09:50:26 -0700,1957011998,245869464.1,AA20,20,B,650,0.081435917,11.5211705
23/Mar/2016:09:50:36 -0700,537528807.1,575891392.1,AA21,21,C,4254,0.731896509,10.70730462
23/Mar/2016:09:50:36 -0700,537528807.1,575891392.1,AA21,21,C,786,0.739186837,14.98599061
23/Mar/2016:09:50:36 -0700,537528807.1,575891392.1,AA21,21,C,4701,0.556326407,17.63450967
23/Mar/2016:09:50:36 -0700,537528807.1,575891392.1,AA21,21,C,2268,0.215283665,19.88700972
23/Mar/2016:09:50:36 -0700,537528807.1,575891392.1,AA21,21,C,3635,0.478575528,26.81806193
23/Mar/2016:09:50:36 -0700,537528807.1,575891392.1,AA21,21,C,2733,0.627529746,5.091825122
23/Mar/2016:09:50:36 -0700,537528807.1,575891392.1,AA21,21,C,4213,0.936326477,14.3886163
23/Mar/2016:09:50:36 -0700,537528807.1,575891392.1,AA21,21,C,1005,0.728210012,21.04688149
23/Mar/2016:09:50:36 -0700,537528807.1,575891392.1,AA21,21,C,3251,0.803528119,25.29214355
23/Mar/2016:09:50:36 -0700,537528807.1,575891392.1,AA21,21,C,2440,0.432069236,19.77069444
23/Mar/2016:09:50:36 -0700,537528807.1,575891392.1,AA21,21,C,4120,0.141277709,22.31037427
23/Mar/2016:09:50:36 -0700,537528807.1,575891392.1,AA21,21,C,2408,0.476029608,4.981703503
23/Mar/2016:09:51:37 -0700,1274506081,1424778755,AA22,22,D,541,0.166803516,21.78748757
23/Mar/2016:09:51:37 -0700,1274506081,1424778755,AA22,22,D,4374,0.707123562,23.49628942
23/Mar/2016:09:51:37 -0700,1274506081,1424778755,AA22,22,D,3337,0.674901439,14.93648226
23/Mar/2016:09:51:37 -0700,1274506081,1424778755,AA22,22,D,3941,0.807587579,25.28896487
23/Mar/2016:09:51:37 -0700,1274506081,1424778755,AA22,22,D,2251,0.577761681,19.35018047
23/Mar/2016:09:51:37 -0700,1274506081,1424778755,AA22,22,D,1913,0.871684525,24.98160113
23/Mar/2016:09:51:37 -0700,1274506081,1424778755,AA22,22,D,2865,0.896769555,10.68338945
23/Mar/2016:09:51:37 -0700,1274506081,1424778755,AA22,22,D,1884,0.701138002,22.67526809
23/Mar/2016:09:51:37 -0700,1274506081,1424778755,AA22,22,D,4505,0.027919546,15.80974724
23/Mar/2016:09:51:37 -0700,1274506081,1424778755,AA22,22,D,1653,0.704988591,21.76909759
23/Mar/2016:09:51:37 -0700,1274506081,1424778755,AA22,22,D,4649,0.499509565,29.5851268
23/Mar/2016:09:51:37 -0700,1274506081,1424778755,AA22,22,D,1033,0.360971334,16.16179673
23/Mar/2016:09:51:52 -0700,1571953196,1544338816,AA23,23,E,3765,0.060113712,21.91286142
23/Mar/2016:09:51:52 -0700,1571953196,1544338816,AA23,23,E,4825,0.643539994,20.27427029
23/Mar/2016:09:51:52 -0700,1571953196,1544338816,AA23,23,E,522,0.525199403,17.8503464
23/Mar/2016:09:51:52 -0700,1571953196,1544338816,AA23,23,E,557,0.20287445,13.57304511
23/Mar/2016:09:51:52 -0700,1571953196,1544338816,AA23,23,E,1617,0.381580283,28.08585207
23/Mar/2016:09:51:52 -0700,1571953196,1544338816,AA23,23,E,2385,0.198640792,18.9745296
23/Mar/2016:09:51:52 -0700,1571953196,1544338816,AA23,23,E,3420,0.37003073,12.3004392
23/Mar/2016:09:51:52 -0700,1571953196,1544338816,AA23,23,E,1182,0.347019224,17.65852033
23/Mar/2016:09:51:52 -0700,1571953196,1544338816,AA23,23,E,3714,0.213460029,10.36860424
23/Mar/2016:09:51:52 -0700,1571953196,1544338816,AA23,23,E,4606,0.120930148,28.60431862
23/Mar/2016:09:51:52 -0700,1571953196,1544338816,AA23,23,E,3495,0.003340659,12.83295744
23/Mar/2016:09:51:52 -0700,1571953196,1544338816,AA23,23,E,2065,0.729054729,17.1793917
23/Mar/2016:09:51:55 -0700,1571953196,1544338816,AA24,24,A,3972,0.287225393,22.9842007
23/Mar/2016:09:51:55 -0700,1571953196,1544338816,AA24,24,A,104,0.818210091,13.84391537
23/Mar/2016:09:51:55 -0700,1571953196,1544338816,AA24,24,A,4309,0.020952358,20.57645673
23/Mar/2016:09:51:55 -0700,1571953196,1544338816,AA24,24,A,2499,0.628694249,18.09999588
23/Mar/2016:09:51:55 -0700,1571953196,1544338816,AA24,24,A,345,0.338515428,15.35403583
23/Mar/2016:09:51:55 -0700,1571953196,1544338816,AA24,24,A,3311,0.326047642,21.58251703
23/Mar/2016:09:51:55 -0700,1571953196,1544338816,AA24,24,A,2649,0.486125227,20.13095666
23/Mar/2016:09:51:55 -0700,1571953196,1544338816,AA24,24,A,1496,0.404002637,23.92806521
23/Mar/2016:09:51:55 -0700,1571953196,1544338816,AA24,24,A,1285,0.499731451,12.42820047
23/Mar/2016:09:51:55 -0700,1571953196,1544338816,AA24,24,A,3883,0.987749645,11.51219378
23/Mar/2016:09:51:55 -0700,1571953196,1544338816,AA24,24,A,3750,0.459798049,22.31304818
23/Mar/2016:09:51:55 -0700,1571953196,1544338816,AA24,24,A,1165,0.100910079,16.84869942
23/Mar/2016:09:51:57 -0700,1571953196,1544338816,AA25,25,B,3925,0.747464244,19.58452997
23/Mar/2016:09:51:57 -0700,1571953196,1544338816,AA25,25,B,4737,0.021646428,20.10294195
23/Mar/2016:09:51:57 -0700,1571953196,1544338816,AA25,25,B,4802,0.723099892,17.12452188
23/Mar/2016:09:51:57 -0700,1571953196,1544338816,AA25,25,B,2987,0.165140539,26.2918192
23/Mar/2016:09:51:57 -0700,1571953196,1544338816,AA25,25,B,1740,0.613981522,12.86014679
23/Mar/2016:09:51:57 -0700,1571953196,1544338816,AA25,25,B,644,0.966026938,23.29696684
23/Mar/2016:09:51:57 -0700,1571953196,1544338816,AA25,25,B,575,0.164615952,24.65332357
23/Mar/2016:09:51:57 -0700,1571953196,1544338816,AA25,25,B,2048,0.227690118,11.99288447
23/Mar/2016:09:51:57 -0700,1571953196,1544338816,AA25,25,B,3796,0.533181809,23.57078386
23/Mar/2016:09:51:57 -0700,1571953196,1544338816,AA25,25,B,448,0.273894545,22.16490514
23/Mar/2016:09:51:57 -0700,1571953196,1544338816,AA25,25,B,2731,0.968896927,14.66498445
23/Mar/2016:09:51:57 -0700,1571953196,1544338816,AA25,25,B,4068,0.211254167,15.5019947
23/Mar/2016:09:52:00 -0700,1571953196,1544338816,AA26,26,C,4127,0.602522553,4.252870829
23/Mar/2016:09:52:00 -0700,1571953196,1544338816,AA26,26,C,665,0.74600486,16.4169782
23/Mar/2016:09:52:00 -0700,1571953196,1544338816,AA26,26,C,1999,0.636628875,9.21972144
23/Mar/2016:09:52:00 -0700,1571953196,1544338816,AA26,26,C,4690,0.811497074,21.2199697
23/Mar/2016:09:52:00 -0700,1571953196,1544338816,AA26,26,C,1349,0.464444912,20.62116294
23/Mar/2016:09:52:00 -0700,1571953196,1544338816,AA26,26,C,2803,0.770125843,9.29857463
23/Mar/2016:09:52:00 -0700,1571953196,1544338816,AA26,26,C,1224,0.069637864,19.78272706
23/Mar/2016:09:52:00 -0700,1571953196,1544338816,AA26,26,C,2581,0.605310102,19.42193278
23/Mar/2016:09:52:00 -0700,1571953196,1544338816,AA26,26,C,783,0.559287935,22.45024318
23/Mar/2016:09:52:00 -0700,1571953196,1544338816,AA26,26,C,692,0.614192148,21.91078777
23/Mar/2016:09:52:00 -0700,1571953196,1544338816,AA26,26,C,2535,0.301806758,37.47511157
23/Mar/2016:09:52:00 -0700,1571953196,1544338816,AA26,26,C,108,0.526524085,17.69755129
23/Mar/2016:09:52:02 -0700,1571953196,1544338816,AA27,27,D,1865,0.121320942,20.13236183
23/Mar/2016:09:52:02 -0700,1571953196,1544338816,AA27,27,D,1991,0.082742737,30.76347723
23/Mar/2016:09:52:02 -0700,1571953196,1544338816,AA27,27,D,3597,0.088836041,16.25844646
23/Mar/2016:09:52:02 -0700,1571953196,1544338816,AA27,27,D,1602,0.421774601,19.58591468
23/Mar/2016:09:52:02 -0700,1571953196,1544338816,AA27,27,D,2317,0.043704441,26.05912043
23/Mar/2016:09:52:02 -0700,1571953196,1544338816,AA27,27,D,2382,0.691797834,10.71206582
23/Mar/2016:09:52:02 -0700,1571953196,1544338816,AA27,27,D,4458,0.005822167,22.67637313
23/Mar/2016:09:52:02 -0700,1571953196,1544338816,AA27,27,D,4653,0.462959129,22.23369022
23/Mar/2016:09:52:02 -0700,1571953196,1544338816,AA27,27,D,2748,0.078799098,18.82165264
23/Mar/2016:09:52:02 -0700,1571953196,1544338816,AA27,27,D,2736,0.511451425,13.08144049
23/Mar/2016:09:52:02 -0700,1571953196,1544338816,AA27,27,D,2292,0.364498098,12.15727564
23/Mar/2016:09:52:02 -0700,1571953196,1544338816,AA27,27,D,1613,0.44895122,20.57645673
23/Mar/2016:09:52:03 -0700,554378855.1,1116558689,AA28,28,E,277,0.118679233,19.96410986
23/Mar/2016:09:52:03 -0700,554378855.1,1116558689,AA28,28,E,1609,0.5178859,18.96259248
23/Mar/2016:09:52:03 -0700,554378855.1,1116558689,AA28,28,E,1799,0.177004838,24.0893459
23/Mar/2016:09:52:03 -0700,554378855.1,1116558689,AA28,28,E,1989,0.694268376,17.90639629
23/Mar/2016:09:52:03 -0700,554378855.1,1116558689,AA28,28,E,79,0.572161519,25.71756879
23/Mar/2016:09:52:03 -0700,554378855.1,1116558689,AA28,28,E,1344,0.499669684,15.60215053
23/Mar/2016:09:52:03 -0700,554378855.1,1116558689,AA28,28,E,1639,0.822238125,14.58895524
23/Mar/2016:09:52:03 -0700,554378855.1,1116558689,AA28,28,E,2153,0.539231364,9.565338521
23/Mar/2016:09:52:03 -0700,554378855.1,1116558689,AA28,28,E,4651,0.783221976,16.31488515
23/Mar/2016:09:52:03 -0700,554378855.1,1116558689,AA28,28,E,3804,0.637699108,19.76467813
23/Mar/2016:09:52:03 -0700,554378855.1,1116558689,AA28,28,E,363,0.045909244,18.15009766
23/Mar/2016:09:52:03 -0700,554378855.1,1116558689,AA28,28,E,1185,0.086989947,20.54654572
23/Mar/2016:09:52:19 -0700,722381766.1,369325141.1,AA29,29,A,2781,0.735297936,19.54487828
23/Mar/2016:09:52:19 -0700,722381766.1,369325141.1,AA29,29,A,4419,0.732735038,14.93185748
23/Mar/2016:09:52:19 -0700,722381766.1,369325141.1,AA29,29,A,2765,0.370356203,24.90291165
23/Mar/2016:09:52:19 -0700,722381766.1,369325141.1,AA29,29,A,3529,0.552483982,20.01576006
23/Mar/2016:09:52:19 -0700,722381766.1,369325141.1,AA29,29,A,3453,0.20288679,16.94193172
23/Mar/2016:09:52:19 -0700,722381766.1,369325141.1,AA29,29,A,1963,0.833043224,10.70730462
23/Mar/2016:09:52:19 -0700,722381766.1,369325141.1,AA29,29,A,2279,0.356559478,25.41354745
23/Mar/2016:09:52:19 -0700,722381766.1,369325141.1,AA29,29,A,381,0.831358147,18.29636488
23/Mar/2016:09:52:19 -0700,722381766.1,369325141.1,AA29,29,A,903,0.247345858,16.12889803
23/Mar/2016:09:52:19 -0700,722381766.1,369325141.1,AA29,29,A,2690,0.469103298,9.90113306
23/Mar/2016:09:52:19 -0700,722381766.1,369325141.1,AA29,29,A,1216,0.588106646,18.12876774
23/Mar/2016:09:52:19 -0700,722381766.1,369325141.1,AA29,29,A,3556,0.595894445,8.265870681
23/Mar/2016:09:53:13 -0700,1519350377,264964218.1,AA30,30,B,4812,0.756644219,23.6329933
23/Mar/2016:09:53:13 -0700,1519350377,264964218.1,AA30,30,B,3496,0.876142075,16.60457513
23/Mar/2016:09:53:13 -0700,1519350377,264964218.1,AA30,30,B,4765,0.819440557,21.2076847
23/Mar/2016:09:53:13 -0700,1519350377,264964218.1,AA30,30,B,1266,0.588218211,12.46735422
23/Mar/2016:09:53:13 -0700,1519350377,264964218.1,AA30,30,B,2625,0.21617515,25.77543994
23/Mar/2016:09:53:13 -0700,1519350377,264964218.1,AA30,30,B,1387,0.315038807,16.84722604
23/Mar/2016:09:53:13 -0700,1519350377,264964218.1,AA30,30,B,2582,0.547020989,16.28694547
23/Mar/2016:09:53:13 -0700,1519350377,264964218.1,AA30,30,B,4386,0.989873395,12.7022767
23/Mar/2016:09:53:13 -0700,1519350377,264964218.1,AA30,30,B,4274,0.453638049,30.31453246
23/Mar/2016:09:53:13 -0700,1519350377,264964218.1,AA30,30,B,205,0.94701648,24.24832103
23/Mar/2016:09:53:13 -0700,1519350377,264964218.1,AA30,30,B,177,0.954112672,16.71797775
23/Mar/2016:09:53:13 -0700,1519350377,264964218.1,AA30,30,B,3288,0.778862401,10.90554263
23/Mar/2016:09:53:36 -0700,1489624547,835829779.1,AA31,31,C,1019,0.461123853,21.40636609
23/Mar/2016:09:53:36 -0700,1489624547,835829779.1,AA31,31,C,534,0.232483056,19.06035407
23/Mar/2016:09:53:36 -0700,1489624547,835829779.1,AA31,31,C,484,0.081352794,13.12088073
23/Mar/2016:09:53:36 -0700,1489624547,835829779.1,AA31,31,C,3994,0.453834622,19.19808795
23/Mar/2016:09:53:36 -0700,1489624547,835829779.1,AA31,31,C,1948,0.046432326,12.95316081
23/Mar/2016:09:53:36 -0700,1489624547,835829779.1,AA31,31,C,3466,0.94649312,20.78891014
23/Mar/2016:09:53:36 -0700,1489624547,835829779.1,AA31,31,C,3573,0.264040024,12.96610747
23/Mar/2016:09:53:36 -0700,1489624547,835829779.1,AA31,31,C,907,0.800146224,32.38463335
23/Mar/2016:09:53:36 -0700,1489624547,835829779.1,AA31,31,C,2852,0.52352612,3.101887094
23/Mar/2016:09:53:36 -0700,1489624547,835829779.1,AA31,31,C,2955,0.091253554,16.90343281
23/Mar/2016:09:53:36 -0700,1489624547,835829779.1,AA31,31,C,3252,0.452478459,23.38521965
23/Mar/2016:09:53:36 -0700,1489624547,835829779.1,AA31,31,C,3084,0.595636141,18.5670305
23/Mar/2016:09:54:02 -0700,811689276.1,1653925526,AA32,32,D,1104,0.24685463,7.058953022
23/Mar/2016:09:54:02 -0700,811689276.1,1653925526,AA32,32,D,3490,0.615269298,21.19884441
23/Mar/2016:09:54:02 -0700,811689276.1,1653925526,AA32,32,D,2387,0.405886156,21.4876681
23/Mar/2016:09:54:02 -0700,811689276.1,1653925526,AA32,32,D,2938,0.843776665,16.89757339
23/Mar/2016:09:54:02 -0700,811689276.1,1653925526,AA32,32,D,2514,0.011975262,16.37360213
23/Mar/2016:09:54:02 -0700,811689276.1,1653925526,AA32,32,D,1544,0.435487444,21.80539325
23/Mar/2016:09:54:02 -0700,811689276.1,1653925526,AA32,32,D,3271,0.250100009,28.69463144
23/Mar/2016:09:54:02 -0700,811689276.1,1653925526,AA32,32,D,2726,0.002870442,18.81201427
23/Mar/2016:09:54:02 -0700,811689276.1,1653925526,AA32,32,D,2710,0.462162801,18.80971552
23/Mar/2016:09:54:02 -0700,811689276.1,1653925526,AA32,32,D,1508,0.869187861,13.61917014
23/Mar/2016:09:54:02 -0700,811689276.1,1653925526,AA32,32,D,2869,0.87913817,24.37396772
23/Mar/2016:09:54:02 -0700,811689276.1,1653925526,AA32,32,D,4211,0.911130078,24.39662778
23/Mar/2016:09:54:03 -0700,811689276.1,1653925526,AA33,33,E,379,0.116698938,18.49842959
23/Mar/2016:09:54:03 -0700,811689276.1,1653925526,AA33,33,E,1777,0.575760967,10.36729457
23/Mar/2016:09:54:03 -0700,811689276.1,1653925526,AA33,33,E,1580,0.159218037,18.96213546
23/Mar/2016:09:54:03 -0700,811689276.1,1653925526,AA33,33,E,3237,0.329655272,13.81796749
23/Mar/2016:09:54:03 -0700,811689276.1,1653925526,AA33,33,E,810,0.860201173,20.43482794
23/Mar/2016:09:54:03 -0700,811689276.1,1653925526,AA33,33,E,4000,0.84744411,15.54108706
23/Mar/2016:09:54:03 -0700,811689276.1,1653925526,AA33,33,E,3893,0.156481115,30.68909876
23/Mar/2016:09:54:03 -0700,811689276.1,1653925526,AA33,33,E,2775,0.475031839,25.54761152
23/Mar/2016:09:54:03 -0700,811689276.1,1653925526,AA33,33,E,3724,0.237026263,11.78159066
23/Mar/2016:09:54:03 -0700,811689276.1,1653925526,AA33,33,E,1032,0.241503191,21.78544121
23/Mar/2016:09:54:03 -0700,811689276.1,1653925526,AA33,33,E,3844,0.25192317,16.10777956
23/Mar/2016:09:54:03 -0700,811689276.1,1653925526,AA33,33,E,3848,0.677878484,9.025780789
23/Mar/2016:09:54:22 -0700,811689276.1,1653925526,AA34,34,A,1057,0.539721233,19.56884801
23/Mar/2016:09:54:22 -0700,811689276.1,1653925526,AA34,34,A,1784,0.008040575,21.41233465
23/Mar/2016:09:54:22 -0700,811689276.1,1653925526,AA34,34,A,2960,0.578623322,10.25864633
23/Mar/2016:09:54:22 -0700,811689276.1,1653925526,AA34,34,A,2767,0.872536214,17.63780431
23/Mar/2016:09:54:22 -0700,811689276.1,1653925526,AA34,34,A,1332,0.067713246,17.96141617
23/Mar/2016:09:54:22 -0700,811689276.1,1653925526,AA34,34,A,3352,0.659663965,17.2149302
23/Mar/2016:09:54:22 -0700,811689276.1,1653925526,AA34,34,A,331,0.326428611,21.03423497
23/Mar/2016:09:54:22 -0700,811689276.1,1653925526,AA34,34,A,346,0.762541259,20.8206083
23/Mar/2016:09:54:22 -0700,811689276.1,1653925526,AA34,34,A,2074,0.073677094,24.10184918
23/Mar/2016:09:54:22 -0700,811689276.1,1653925526,AA34,34,A,4635,0.272123948,15.4518247
23/Mar/2016:09:54:22 -0700,811689276.1,1653925526,AA34,34,A,2602,0.037285716,27.51044206
23/Mar/2016:09:54:22 -0700,811689276.1,1653925526,AA34,34,A,3359,0.398265783,25.33285254
23/Mar/2016:09:54:40 -0700,1424664313,359914475.1,AA35,35,B,4093,0.619688729,22.77376637
23/Mar/2016:09:54:40 -0700,1424664313,359914475.1,AA35,35,B,1741,0.437574644,22.52196821
23/Mar/2016:09:54:40 -0700,1424664313,359914475.1,AA35,35,B,3953,0.731245453,17.2585382
23/Mar/2016:09:54:40 -0700,1424664313,359914475.1,AA35,35,B,1090,0.297767648,18.94974132
23/Mar/2016:09:54:40 -0700,1424664313,359914475.1,AA35,35,B,4217,0.101158056,18.02286163
23/Mar/2016:09:54:40 -0700,1424664313,359914475.1,AA35,35,B,3172,0.913495599,19.83321083
23/Mar/2016:09:54:40 -0700,1424664313,359914475.1,AA35,35,B,3804,0.451340475,21.14200327
23/Mar/2016:09:54:40 -0700,1424664313,359914475.1,AA35,35,B,3258,0.568802152,24.06570359
23/Mar/2016:09:54:40 -0700,1424664313,359914475.1,AA35,35,B,1010,0.385658519,16.49481503
23/Mar/2016:09:54:40 -0700,1424664313,359914475.1,AA35,35,B,261,0.562366807,17.04677373
23/Mar/2016:09:54:40 -0700,1424664313,359914475.1,AA35,35,B,4368,0.684642364,22.12435986
23/Mar/2016:09:54:40 -0700,1424664313,359914475.1,AA35,35,B,3304,0.146516379,24.6483168
23/Mar/2016:09:55:29 -0700,742332010.1,316755008.1,AA36,36,C,77,0.623368276,18.08653081
23/Mar/2016:09:55:29 -0700,742332010.1,316755008.1,AA36,36,C,3880,0.818911605,12.96002295
23/Mar/2016:09:55:29 -0700,742332010.1,316755008.1,AA36,36,C,3638,0.752279598,13.90144546
23/Mar/2016:09:55:29 -0700,742332010.1,316755008.1,AA36,36,C,4459,0.406828877,17.68439318
23/Mar/2016:09:55:29 -0700,742332010.1,316755008.1,AA36,36,C,3211,0.907562799,19.02593424
23/Mar/2016:09:55:29 -0700,742332010.1,316755008.1,AA36,36,C,1569,0.768224059,15.65536279
23/Mar/2016:09:55:29 -0700,742332010.1,316755008.1,AA36,36,C,4461,0.204859649,18.98095518
23/Mar/2016:09:55:29 -0700,742332010.1,316755008.1,AA36,36,C,3486,0.604911295,18.57853106
23/Mar/2016:09:55:29 -0700,742332010.1,316755008.1,AA36,36,C,1791,0.801320577,15.74453647
23/Mar/2016:09:55:29 -0700,742332010.1,316755008.1,AA36,36,C,2867,0.007023476,18.20384198
23/Mar/2016:09:55:29 -0700,742332010.1,316755008.1,AA36,36,C,3210,0.313864602,11.34115876
23/Mar/2016:09:55:29 -0700,742332010.1,316755008.1,AA36,36,C,86,0.411303289,17.27337433
23/Mar/2016:09:55:47 -0700,1428194955,359861297.1,AA37,37,A,1984,0.075299774,19.30466936
23/Mar/2016:09:55:47 -0700,1428194955,359861297.1,AA37,37,A,107,0.152425434,18.2561402
23/Mar/2016:09:55:47 -0700,1428194955,359861297.1,AA37,37,A,1529,0.413558936,15.03408696
23/Mar/2016:09:55:47 -0700,1428194955,359861297.1,AA37,37,A,922,0.330178285,23.97645487
23/Mar/2016:09:55:47 -0700,1428194955,359861297.1,AA37,37,A,4075,0.341555793,20.47310857
23/Mar/2016:09:55:47 -0700,1428194955,359861297.1,AA37,37,A,81,0.71421369,19.82209226
23/Mar/2016:09:55:47 -0700,1428194955,359861297.1,AA37,37,A,4064,0.857622197,13.62329015
23/Mar/2016:09:55:47 -0700,1428194955,359861297.1,AA37,37,A,4737,0.933806298,19.67544988
23/Mar/2016:09:55:47 -0700,1428194955,359861297.1,AA37,37,A,4484,0.149173165,27.73870704
23/Mar/2016:09:55:47 -0700,1428194955,359861297.1,AA37,37,A,5,0.420637359,14.87565071
23/Mar/2016:09:55:47 -0700,1428194955,359861297.1,AA37,37,A,3703,0.621546037,24.92603556
23/Mar/2016:09:55:47 -0700,1428194955,359861297.1,AA37,37,A,1222,0.916774225,10.41610715
23/Mar/2016:09:56:40 -0700,905333873.1,2146897230,AA38,38,B,2146,0.318517723,24.91707249
23/Mar/2016:09:56:40 -0700,905333873.1,2146897230,AA38,38,B,264,0.209560004,9.838296071
23/Mar/2016:09:56:40 -0700,905333873.1,2146897230,AA38,38,B,3151,0.780870411,19.67129577
23/Mar/2016:09:56:40 -0700,905333873.1,2146897230,AA38,38,B,979,0.259219138,9.768474163
23/Mar/2016:09:56:40 -0700,905333873.1,2146897230,AA38,38,B,3624,0.955262191,24.67913503
23/Mar/2016:09:56:40 -0700,905333873.1,2146897230,AA38,38,B,1499,0.170829655,18.58818989
23/Mar/2016:09:56:40 -0700,905333873.1,2146897230,AA38,38,B,2648,0.453912557,19.24723477
23/Mar/2016:09:56:40 -0700,905333873.1,2146897230,AA38,38,B,3483,0.648860729,19.51216375
23/Mar/2016:09:56:40 -0700,905333873.1,2146897230,AA38,38,B,1604,0.379933086,15.67625616
23/Mar/2016:09:56:40 -0700,905333873.1,2146897230,AA38,38,B,3764,0.836783848,16.37006874
23/Mar/2016:09:56:40 -0700,905333873.1,2146897230,AA38,38,B,4321,0.508116868,20.24189
23/Mar/2016:09:56:40 -0700,905333873.1,2146897230,AA38,38,B,735,0.136246351,16.05353048
23/Mar/2016:09:57:25 -0700,905333873.1,2146897230,AA39,39,C,3065,0.856914485,16.78200163
23/Mar/2016:09:57:25 -0700,905333873.1,2146897230,AA39,39,C,2144,0.466346824,30.16593921
23/Mar/2016:09:57:25 -0700,905333873.1,2146897230,AA39,39,C,3720,0.681206704,9.675923982
23/Mar/2016:09:57:25 -0700,905333873.1,2146897230,AA39,39,C,3444,0.775778449,38.89130396
23/Mar/2016:09:57:25 -0700,905333873.1,2146897230,AA39,39,C,4086,0.835956362,7.660911185
23/Mar/2016:09:57:25 -0700,905333873.1,2146897230,AA39,39,C,2945,0.007365115,17.88164893
23/Mar/2016:09:57:25 -0700,905333873.1,2146897230,AA39,39,C,4399,0.557141437,13.6178059
23/Mar/2016:09:57:25 -0700,905333873.1,2146897230,AA39,39,C,4739,0.068490595,16.50832785
23/Mar/2016:09:57:25 -0700,905333873.1,2146897230,AA39,39,C,2366,0.224548449,15.03979632
23/Mar/2016:09:57:25 -0700,905333873.1,2146897230,AA39,39,C,3373,0.693574898,25.62726961
23/Mar/2016:09:57:25 -0700,905333873.1,2146897230,AA39,39,C,2975,0.979651802,32.05219484
23/Mar/2016:09:57:25 -0700,905333873.1,2146897230,AA39,39,C,1388,0.93242996,13.83993179
23/Mar/2016:09:57:44 -0700,905333873.1,2146897230,AA40,40,D,2503,0.633095918,10.64723704
23/Mar/2016:09:57:44 -0700,905333873.1,2146897230,AA40,40,D,4210,0.978443396,22.14487806
23/Mar/2016:09:57:44 -0700,905333873.1,2146897230,AA40,40,D,2573,0.821113415,7.313957147
23/Mar/2016:09:57:44 -0700,905333873.1,2146897230,AA40,40,D,2276,0.604933425,29.36802132
23/Mar/2016:09:57:44 -0700,905333873.1,2146897230,AA40,40,D,3049,0.173523657,20.30197805
23/Mar/2016:09:57:44 -0700,905333873.1,2146897230,AA40,40,D,1571,0.32978229,18.49842959
23/Mar/2016:09:57:44 -0700,905333873.1,2146897230,AA40,40,D,3674,0.777270655,27.23816663
23/Mar/2016:09:57:44 -0700,905333873.1,2146897230,AA40,40,D,3088,0.288600536,21.22390554
23/Mar/2016:09:57:44 -0700,905333873.1,2146897230,AA40,40,D,2982,0.28662738,21.98640771
23/Mar/2016:09:57:44 -0700,905333873.1,2146897230,AA40,40,D,125,0.780705284,30.60451575
23/Mar/2016:09:57:44 -0700,905333873.1,2146897230,AA40,40,D,468,0.979578155,32.60323949
23/Mar/2016:09:57:44 -0700,905333873.1,2146897230,AA40,40,D,2167,0.385380262,18.61947196
23/Mar/2016:09:58:03 -0700,1424664313,359914475.1,AA41,41,E,2068,0.952273384,19.91532456
23/Mar/2016:09:58:03 -0700,1424664313,359914475.1,AA41,41,E,381,0.529001576,23.10460871
23/Mar/2016:09:58:03 -0700,1424664313,359914475.1,AA41,41,E,1888,0.600586987,10.10042154
23/Mar/2016:09:58:03 -0700,1424664313,359914475.1,AA41,41,E,4371,0.908322378,14.17032393
23/Mar/2016:09:58:03 -0700,1424664313,359914475.1,AA41,41,E,683,0.955191728,22.33927574
23/Mar/2016:09:58:03 -0700,1424664313,359914475.1,AA41,41,E,657,0.434068927,16.77953917
23/Mar/2016:09:58:03 -0700,1424664313,359914475.1,AA41,41,E,1141,0.179782044,22.46379011
23/Mar/2016:09:58:03 -0700,1424664313,359914475.1,AA41,41,E,1255,0.879742581,8.093157637
23/Mar/2016:09:58:03 -0700,1424664313,359914475.1,AA41,41,E,138,0.230986622,18.94515065
23/Mar/2016:09:58:03 -0700,1424664313,359914475.1,AA41,41,E,1103,0.929668193,19.15033265
23/Mar/2016:09:58:03 -0700,1424664313,359914475.1,AA41,41,E,3612,0.220901284,25.90822162
23/Mar/2016:09:58:03 -0700,1424664313,359914475.1,AA41,41,E,1339,0.060508518,14.99345301
23/Mar/2016:09:58:42 -0700,1784062779,1113395032,AA42,42,A,2437,0.416354392,12.26263605
23/Mar/2016:09:58:42 -0700,1784062779,1113395032,AA42,42,A,4503,0.154004344,21.8870636
23/Mar/2016:09:58:42 -0700,1784062779,1113395032,AA42,42,A,1247,0.848754441,15.82454245
23/Mar/2016:09:58:42 -0700,1784062779,1113395032,AA42,42,A,4211,0.096051214,20.44522346
23/Mar/2016:09:58:42 -0700,1784062779,1113395032,AA42,42,A,2457,0.432347876,26.66506218
23/Mar/2016:09:58:42 -0700,1784062779,1113395032,AA42,42,A,2321,0.317175232,10.66293946
23/Mar/2016:09:58:42 -0700,1784062779,1113395032,AA42,42,A,599,0.015241575,22.30984221
23/Mar/2016:09:58:42 -0700,1784062779,1113395032,AA42,42,A,2875,0.11568789,17.66840426
23/Mar/2016:09:58:42 -0700,1784062779,1113395032,AA42,42,A,1721,0.711327191,22.38600103
23/Mar/2016:09:58:42 -0700,1784062779,1113395032,AA42,42,A,2909,0.279292818,20.43482794
23/Mar/2016:09:58:42 -0700,1784062779,1113395032,AA42,42,A,3720,0.011586439,9.156802596
23/Mar/2016:09:58:42 -0700,1784062779,1113395032,AA42,42,A,2385,0.274937239,19.35937546
23/Mar/2016:09:59:58 -0700,156333229.1,21381634.15,AA43,43,B,1268,0.058531598,21.65825292
23/Mar/2016:09:59:58 -0700,156333229.1,21381634.15,AA43,43,B,2513,0.620099422,23.10518169
23/Mar/2016:09:59:58 -0700,156333229.1,21381634.15,AA43,43,B,4349,0.069137467,23.19789558
23/Mar/2016:09:59:58 -0700,156333229.1,21381634.15,AA43,43,B,1119,0.326580983,7.335293892
23/Mar/2016:09:59:58 -0700,156333229.1,21381634.15,AA43,43,B,2438,0.303051613,23.43332283
23/Mar/2016:09:59:58 -0700,156333229.1,21381634.15,AA43,43,B,2718,0.171228619,14.06550921
23/Mar/2016:09:59:58 -0700,156333229.1,21381634.15,AA43,43,B,4533,0.996267495,18.40162979
23/Mar/2016:09:59:58 -0700,156333229.1,21381634.15,AA43,43,B,1474,0.350220679,24.50340701
23/Mar/2016:09:59:58 -0700,156333229.1,21381634.15,AA43,43,B,3024,0.706841648,18.11485247
23/Mar/2016:09:59:58 -0700,156333229.1,21381634.15,AA43,43,B,1937,0.003388507,22.99222245
23/Mar/2016:09:59:58 -0700,156333229.1,21381634.15,AA43,43,B,157,0.249444239,3.963433235
23/Mar/2016:09:59:58 -0700,156333229.1,21381634.15,AA43,43,B,2641,0.252374501,12.96077328
23/Mar/2016:10:00:05 -0700,1114210797,1394054644,AA44,44,C,4674,0.100179008,9.142669049
23/Mar/2016:10:00:05 -0700,1114210797,1394054644,AA44,44,C,3387,0.3503338,18.11856321
23/Mar/2016:10:00:05 -0700,1114210797,1394054644,AA44,44,C,830,0.098440127,14.53645921
23/Mar/2016:10:00:05 -0700,1114210797,1394054644,AA44,44,C,2643,0.571498876,29.87109922
23/Mar/2016:10:00:05 -0700,1114210797,1394054644,AA44,44,C,1576,0.025978301,7.150630088
23/Mar/2016:10:00:05 -0700,1114210797,1394054644,AA44,44,C,1700,0.83047052,25.48881269
23/Mar/2016:10:00:05 -0700,1114210797,1394054644,AA44,44,C,3884,0.317769575,16.71254807
23/Mar/2016:10:00:05 -0700,1114210797,1394054644,AA44,44,C,3084,0.781477668,15.09328825
23/Mar/2016:10:00:05 -0700,1114210797,1394054644,AA44,44,C,3372,0.865636144,23.33621608
23/Mar/2016:10:00:05 -0700,1114210797,1394054644,AA44,44,C,3737,0.578022176,30.43916961
23/Mar/2016:10:00:05 -0700,1114210797,1394054644,AA44,44,C,2288,0.278793516,18.19226639
23/Mar/2016:10:00:05 -0700,1114210797,1394054644,AA44,44,C,656,0.17326392,17.32354433
23/Mar/2016:10:00:09 -0700,1114210797,1394054644,AA45,45,D,2806,0.008379754,1.563602448
23/Mar/2016:10:00:09 -0700,1114210797,1394054644,AA45,45,D,2266,0.092706402,22.37846359
23/Mar/2016:10:00:09 -0700,1114210797,1394054644,AA45,45,D,550,0.98962094,25.02097316
23/Mar/2016:10:00:09 -0700,1114210797,1394054644,AA45,45,D,1380,0.741410121,18.2843459
23/Mar/2016:10:00:09 -0700,1114210797,1394054644,AA45,45,D,1775,0.263461793,22.6730512
23/Mar/2016:10:00:09 -0700,1114210797,1394054644,AA45,45,D,1988,0.084405152,23.54506107
23/Mar/2016:10:00:09 -0700,1114210797,1394054644,AA45,45,D,4336,0.119966298,26.59705472
23/Mar/2016:10:00:09 -0700,1114210797,1394054644,AA45,45,D,961,0.600469884,20.1898851
23/Mar/2016:10:00:09 -0700,1114210797,1394054644,AA45,45,D,2004,0.017060319,17.85782245
23/Mar/2016:10:00:09 -0700,1114210797,1394054644,AA45,45,D,4164,0.767734061,21.00169097
23/Mar/2016:10:00:09 -0700,1114210797,1394054644,AA45,45,D,2021,0.515473422,8.488078427
23/Mar/2016:10:00:09 -0700,1114210797,1394054644,AA45,45,D,3045,0.783641905,18.26400506
23/Mar/2016:10:00:24 -0700,1460836814,509123730.1,AA46,46,E,3174,0.15419365,21.05272045
23/Mar/2016:10:00:24 -0700,1460836814,509123730.1,AA46,46,E,4284,0.055658502,16.45720288
23/Mar/2016:10:00:24 -0700,1460836814,509123730.1,AA46,46,E,2947,0.502280026,18.7169266
23/Mar/2016:10:00:24 -0700,1460836814,509123730.1,AA46,46,E,1753,0.899527205,23.77719368
23/Mar/2016:10:00:24 -0700,1460836814,509123730.1,AA46,46,E,4166,0.911010852,21.4272731
23/Mar/2016:10:00:24 -0700,1460836814,509123730.1,AA46,46,E,1135,0.290405158,12.63581082
23/Mar/2016:10:00:24 -0700,1460836814,509123730.1,AA46,46,E,822,0.909254045,19.13059207
23/Mar/2016:10:00:24 -0700,1460836814,509123730.1,AA46,46,E,3436,0.400963989,10.61812411
23/Mar/2016:10:00:24 -0700,1460836814,509123730.1,AA46,46,E,3483,0.969335311,18.02425998
23/Mar/2016:10:00:24 -0700,1460836814,509123730.1,AA46,46,E,2206,0.143887139,18.30375907
23/Mar/2016:10:00:24 -0700,1460836814,509123730.1,AA46,46,E,2576,0.936452979,23.36546543
23/Mar/2016:10:00:24 -0700,1460836814,509123730.1,AA46,46,E,4744,0.712803134,17.3578823
23/Mar/2016:10:00:35 -0700,7773065.15,705300482.1,AA47,47,A,1150,0.48788344,16.21558197
23/Mar/2016:10:00:35 -0700,7773065.15,705300482.1,AA47,47,A,1764,0.592865743,12.04437097
23/Mar/2016:10:00:35 -0700,7773065.15,705300482.1,AA47,47,A,2169,0.603996802,17.90779463
23/Mar/2016:10:00:35 -0700,7773065.15,705300482.1,AA47,47,A,2502,0.547540635,18.23624273
23/Mar/2016:10:00:35 -0700,7773065.15,705300482.1,AA47,47,A,311,0.62892422,26.07289928
23/Mar/2016:10:00:35 -0700,7773065.15,705300482.1,AA47,47,A,2246,0.687067866,21.99680323
23/Mar/2016:10:00:35 -0700,7773065.15,705300482.1,AA47,47,A,2033,0.570428014,21.56742169
23/Mar/2016:10:00:35 -0700,7773065.15,705300482.1,AA47,47,A,3455,0.095020442,25.59863417
23/Mar/2016:10:00:35 -0700,7773065.15,705300482.1,AA47,47,A,529,0.625069353,17.24896122
23/Mar/2016:10:00:35 -0700,7773065.15,705300482.1,AA47,47,A,1429,0.407367674,19.39156475
23/Mar/2016:10:00:35 -0700,7773065.15,705300482.1,AA47,47,A,4709,0.122025469,16.36147402
23/Mar/2016:10:00:35 -0700,7773065.15,705300482.1,AA47,47,A,1968,0.596698694,22.61069851
23/Mar/2016:10:00:41 -0700,236226932.1,2045295295,AA48,48,B,1120,0.353447069,12.75459538
23/Mar/2016:10:00:41 -0700,236226932.1,2045295295,AA48,48,B,477,0.865668433,18.04657898
23/Mar/2016:10:00:41 -0700,236226932.1,2045295295,AA48,48,B,71,0.636463432,14.67153282
23/Mar/2016:10:00:41 -0700,236226932.1,2045295295,AA48,48,B,752,0.9411077,16.92391009
23/Mar/2016:10:00:41 -0700,236226932.1,2045295295,AA48,48,B,4543,0.929622416,16.98908675
23/Mar/2016:10:00:41 -0700,236226932.1,2045295295,AA48,48,B,470,0.85603637,23.66149231
23/Mar/2016:10:00:41 -0700,236226932.1,2045295295,AA48,48,B,3984,0.971386776,29.9044413
23/Mar/2016:10:00:41 -0700,236226932.1,2045295295,AA48,48,B,2862,0.522491153,19.86334694
23/Mar/2016:10:00:41 -0700,236226932.1,2045295295,AA48,48,B,4682,0.773435768,20.8542778
23/Mar/2016:10:00:41 -0700,236226932.1,2045295295,AA48,48,B,2546,0.948339788,20.47879064
23/Mar/2016:10:00:41 -0700,236226932.1,2045295295,AA48,48,B,3925,0.453097788,20.56695478
23/Mar/2016:10:00:41 -0700,236226932.1,2045295295,AA48,48,B,4614,0.886058463,30.1452573
23/Mar/2016:10:01:19 -0700,583626447.1,2057007339,AA49,49,C,3544,0.45026087,21.73594651
23/Mar/2016:10:01:19 -0700,583626447.1,2057007339,AA49,49,C,1610,0.719489427,23.86020781
23/Mar/2016:10:01:19 -0700,583626447.1,2057007339,AA49,49,C,2421,0.748555624,15.65965333
23/Mar/2016:10:01:19 -0700,583626447.1,2057007339,AA49,49,C,1889,0.271230536,11.18409357
23/Mar/2016:10:01:19 -0700,583626447.1,2057007339,AA49,49,C,2161,0.996705359,23.55484951
23/Mar/2016:10:01:19 -0700,583626447.1,2057007339,AA49,49,C,4164,0.167052568,27.19713023
23/Mar/2016:10:01:19 -0700,583626447.1,2057007339,AA49,49,C,232,0.827674092,6.305345712
23/Mar/2016:10:01:19 -0700,583626447.1,2057007339,AA49,49,C,4151,0.085462517,19.17650564
23/Mar/2016:10:01:19 -0700,583626447.1,2057007339,AA49,49,C,1017,0.810258142,9.195383361
23/Mar/2016:10:01:19 -0700,583626447.1,2057007339,AA49,49,C,4525,0.41902623,19.88700972
23/Mar/2016:10:01:19 -0700,583626447.1,2057007339,AA49,49,C,656,0.139223752,20.11835107
23/Mar/2016:10:01:19 -0700,583626447.1,2057007339,AA49,49,C,1352,0.316752263,21.60368324
23/Mar/2016:10:01:19 -0701,583626447.1,2057007339,AA50,50,D,4517,0.053478102,14.11170245
23/Mar/2016:10:01:19 -0701,583626447.1,2057007339,AA50,50,D,1787,0.452606713,26.84171789
23/Mar/2016:10:01:19 -0701,583626447.1,2057007339,AA50,50,D,2565,0.320219294,7.075542205
23/Mar/2016:10:01:19 -0701,583626447.1,2057007339,AA50,50,D,602,0.768207087,9.922824509
23/Mar/2016:10:01:19 -0701,583626447.1,2057007339,AA50,50,D,1254,0.064201029,13.09560132
23/Mar/2016:10:01:19 -0701,583626447.1,2057007339,AA50,50,D,2985,0.02704582,18.16354227
23/Mar/2016:10:01:19 -0701,583626447.1,2057007339,AA50,50,D,1140,0.986419862,21.32599177
23/Mar/2016:10:01:19 -0701,583626447.1,2057007339,AA50,50,D,3930,0.650711651,9.144442563
23/Mar/2016:10:01:19 -0701,583626447.1,2057007339,AA50,50,D,3042,0.245807633,23.459298
23/Mar/2016:10:01:19 -0701,583626447.1,2057007339,AA50,50,D,3901,0.358713124,17.91246034
23/Mar/2016:10:01:19 -0701,583626447.1,2057007339,AA50,50,D,2971,0.36706227,23.33740297
23/Mar/2016:10:01:19 -0701,583626447.1,2057007339,AA50,50,D,1641,0.42066218,7.773870427
